Date;Time;
03/26/2020;15:33:58;
;;
03/26/2020;15:34:04;
;;
03/26/2020;15:34:10;
;;
03/26/2020;15:34:15;
;;
03/26/2020;15:34:21;
;;
03/26/2020;15:34:28;
;;
03/26/2020;15:42:30;
;;
03/26/2020;15:42:33;
;;
03/26/2020;15:42:36;
;;
03/26/2020;15:42:40;
;;
03/26/2020;15:42:43;
;;
03/26/2020;15:42:46;
03/29/2020;19:38:39
03/29/2020;19:38:43
03/29/2020;19:38:46
03/29/2020;19:38:50
03/29/2020;19:38:53
03/29/2020;19:38:57
03/29/2020;19:39:21
03/29/2020;19:39:24
03/29/2020;19:39:28
03/29/2020;19:39:31
03/29/2020;19:39:35
03/29/2020;19:39:38
03/29/2020;19:39:54
03/29/2020;19:39:58
03/29/2020;19:40:01
03/29/2020;19:40:05
03/29/2020;19:40:09
03/29/2020;19:40:12
03/29/2020;19:41:39
03/29/2020;19:41:43
03/29/2020;19:41:47
03/29/2020;19:41:50
03/29/2020;19:41:54
03/29/2020;19:41:57
03/29/2020;19:42:28
03/29/2020;19:42:31
03/29/2020;19:42:35
03/29/2020;19:42:38
03/29/2020;19:42:42
03/29/2020;19:42:45
03/30/2020;20:36:14
03/30/2020;20:36:18
03/30/2020;20:36:21
03/30/2020;20:36:25
03/30/2020;20:36:28
03/30/2020;20:36:32
03/30/2020;20:36:55
03/30/2020;20:36:59
03/30/2020;20:37:02
03/30/2020;20:37:05
03/30/2020;20:37:09
03/30/2020;20:37:12
03/30/2020;20:53:09
03/30/2020;20:53:13
03/30/2020;20:53:16
03/30/2020;20:53:20
03/30/2020;20:53:23
03/30/2020;20:53:27
03/30/2020;20:54:22
03/30/2020;20:54:25
03/30/2020;20:54:29
03/30/2020;20:54:32
03/30/2020;20:54:36
03/30/2020;20:54:39
03/30/2020;22:10:46
03/30/2020;22:10:50
03/30/2020;22:10:53
03/30/2020;22:10:57
03/30/2020;22:11:00
03/30/2020;22:11:04
03/30/2020;22:13:57
03/30/2020;22:14:01
03/30/2020;22:14:04
03/30/2020;22:14:08
03/30/2020;22:14:11
03/30/2020;22:14:15
03/30/2020;22:19:43
03/30/2020;22:19:47
03/30/2020;22:19:51
03/30/2020;22:19:54
03/30/2020;22:19:58
03/30/2020;22:20:01
03/30/2020;22:35:37
03/30/2020;22:35:41
03/30/2020;22:35:44
03/30/2020;22:35:48
03/30/2020;22:35:52
03/30/2020;22:35:55
03/30/2020;22:36:19
03/30/2020;22:36:23
03/30/2020;22:36:27
03/30/2020;22:36:30
03/30/2020;22:36:34
03/30/2020;22:36:37
03/30/2020;22:36:57
03/30/2020;22:37:01
03/30/2020;22:37:05
03/30/2020;22:37:08
03/30/2020;22:37:11
03/30/2020;22:37:15
03/30/2020;22:37:39
03/30/2020;22:37:42
03/30/2020;22:37:46
03/30/2020;22:37:49
03/30/2020;22:37:53
03/30/2020;22:37:57
03/30/2020;22:40:14
03/30/2020;22:40:17
03/30/2020;22:40:21
03/30/2020;22:40:25
03/30/2020;22:40:28
03/30/2020;22:40:32
03/30/2020;22:45:44
03/30/2020;22:45:47
03/30/2020;22:45:51
03/30/2020;22:45:54
03/30/2020;22:45:58
03/30/2020;22:46:01
03/30/2020;22:46:10
03/30/2020;22:46:13
03/30/2020;22:46:17
03/30/2020;22:46:21
03/30/2020;22:46:24
03/30/2020;22:46:28
03/30/2020;22:46:36
03/30/2020;22:46:40
03/30/2020;22:46:44
03/30/2020;22:46:48
03/30/2020;22:46:52
03/30/2020;22:46:55
03/30/2020;22:47:04
03/30/2020;22:47:07
03/30/2020;22:47:11
03/30/2020;22:47:14
03/30/2020;22:47:18
03/30/2020;22:47:22
03/30/2020;22:49:48
03/30/2020;22:49:52
03/30/2020;22:49:55
03/30/2020;22:49:59
03/30/2020;22:50:02
03/30/2020;22:50:05
03/30/2020;22:50:14
03/30/2020;22:50:17
03/30/2020;22:50:21
03/30/2020;22:50:24
03/30/2020;22:50:28
03/30/2020;22:50:31
03/30/2020;22:50:40
03/30/2020;22:50:43
03/30/2020;22:50:46
03/30/2020;22:50:50
03/30/2020;22:50:53
03/30/2020;22:50:57
03/30/2020;22:51:05
03/30/2020;22:51:09
03/30/2020;22:51:12
03/30/2020;22:51:15
03/30/2020;22:51:19
03/30/2020;22:51:23
03/30/2020;22:51:31
03/30/2020;22:51:35
03/30/2020;22:51:38
03/30/2020;22:51:41
03/30/2020;22:51:45
03/30/2020;22:51:48
03/31/2020;17:49:49
03/31/2020;17:49:53
03/31/2020;17:49:57
03/31/2020;17:50:01
03/31/2020;17:50:05
03/31/2020;17:50:09
04/01/2020;14:27:27
04/01/2020;14:27:30
04/01/2020;14:27:34
04/01/2020;14:27:38
04/01/2020;14:27:42
04/01/2020;14:27:47
04/01/2020;14:31:45
04/01/2020;14:31:49
04/01/2020;14:31:53
04/01/2020;14:31:57
04/01/2020;14:32:01
04/01/2020;14:32:06
04/01/2020;14:32:16
04/01/2020;14:32:20
04/01/2020;14:32:25
04/01/2020;14:32:29
04/01/2020;14:32:34
04/01/2020;14:32:38
04/01/2020;14:32:51
04/01/2020;14:32:57
04/01/2020;14:33:03
04/01/2020;14:33:09
04/01/2020;14:33:15
04/01/2020;14:33:20
04/01/2020;14:33:31
04/01/2020;14:33:35
04/01/2020;14:33:39
04/01/2020;14:33:44
04/01/2020;14:33:48
04/01/2020;14:33:52
04/01/2020;14:34:33
04/01/2020;14:34:37
04/01/2020;14:34:41
04/01/2020;14:34:45
04/01/2020;14:34:49
04/01/2020;14:34:54
04/01/2020;14:41:16
04/01/2020;14:41:20
04/01/2020;14:41:24
04/01/2020;14:41:28
04/01/2020;14:41:32
04/01/2020;14:41:36
04/01/2020;14:41:46
04/01/2020;14:41:50
04/01/2020;14:41:54
04/01/2020;14:41:58
04/01/2020;14:42:04
04/01/2020;15:02:42
04/01/2020;15:02:46
04/01/2020;15:02:50
04/01/2020;15:02:54
04/01/2020;15:02:58
04/01/2020;15:03:02
04/01/2020;15:03:23
04/01/2020;15:03:27
04/01/2020;15:03:31
04/01/2020;15:03:35
04/01/2020;15:03:38
04/01/2020;15:03:42
04/01/2020;19:57:28
04/01/2020;19:57:32
04/01/2020;19:57:35
04/01/2020;19:57:39
04/01/2020;19:57:49
04/01/2020;19:57:52
04/01/2020;19:57:56
04/01/2020;19:57:59
04/01/2020;19:58:03
04/01/2020;19:58:07
04/01/2020;20:29:49
04/01/2020;20:29:53
04/01/2020;20:29:57
04/01/2020;20:30:01
04/01/2020;20:30:05
04/01/2020;20:30:09
04/01/2020;20:34:24
04/01/2020;20:34:28
04/01/2020;20:34:31
04/01/2020;20:37:54
04/01/2020;20:37:59
04/01/2020;20:38:04
04/01/2020;20:38:09
04/01/2020;20:38:12
04/01/2020;20:38:16
04/01/2020;20:49:18
04/01/2020;20:49:22
04/01/2020;20:49:25
04/01/2020;20:50:23
04/01/2020;20:50:26
04/01/2020;20:50:30
04/01/2020;20:50:34
04/01/2020;20:50:37
04/01/2020;20:50:41
04/01/2020;20:51:10
04/01/2020;20:51:13
04/01/2020;20:55:24
04/01/2020;20:58:52
04/01/2020;20:59:00
04/01/2020;20:59:09
04/01/2020;20:59:17
04/01/2020;21:00:41
04/01/2020;21:00:46
04/01/2020;21:00:46
04/01/2020;21:00:46
04/01/2020;21:00:46
04/01/2020;21:00:46
04/01/2020;21:02:13
04/01/2020;21:02:17
04/01/2020;21:02:22
04/01/2020;21:02:26
04/01/2020;21:02:30
04/01/2020;21:04:22
04/01/2020;21:10:08
04/01/2020;21:10:12
04/01/2020;21:10:49
04/01/2020;21:13:39
04/01/2020;21:13:42
04/01/2020;21:13:45
04/01/2020;21:13:48
04/01/2020;21:13:51
04/01/2020;21:13:54
04/01/2020;21:14:49
04/01/2020;21:14:52
04/01/2020;21:21:57
04/01/2020;21:22:00
04/01/2020;21:22:03
04/01/2020;21:22:06
04/01/2020;21:22:09
04/01/2020;21:22:12
04/01/2020;21:22:22
04/01/2020;21:25:15
04/01/2020;21:25:18
04/01/2020;21:25:21
04/01/2020;21:28:38
04/01/2020;21:28:41
04/01/2020;21:28:44
04/01/2020;21:30:13
04/01/2020;21:30:16
04/01/2020;21:33:20
04/01/2020;21:33:23
04/01/2020;21:33:26
04/01/2020;21:33:30
04/01/2020;21:33:33
04/01/2020;21:33:36
04/01/2020;21:34:00
04/01/2020;21:34:03
04/01/2020;21:34:06
04/01/2020;21:34:10
04/01/2020;21:34:13
04/01/2020;21:34:17
04/01/2020;21:35:36
04/01/2020;21:35:39
04/01/2020;21:35:42
04/01/2020;21:35:45
04/01/2020;21:35:48
04/01/2020;21:35:51
04/01/2020;21:36:02
04/01/2020;21:36:05
04/01/2020;21:36:08
04/01/2020;21:36:11
04/01/2020;21:36:14
04/01/2020;21:36:17
04/01/2020;21:36:27
04/01/2020;21:36:30
04/01/2020;21:36:34
04/01/2020;21:36:37
04/01/2020;21:36:40
04/01/2020;21:36:43
04/01/2020;21:40:07
04/01/2020;21:40:10
04/01/2020;21:40:13
04/01/2020;21:41:39
04/01/2020;21:41:42
04/01/2020;21:41:45
04/01/2020;21:41:48
04/01/2020;21:41:51
04/01/2020;21:44:53
04/01/2020;21:44:56
04/01/2020;21:45:04
04/01/2020;21:45:07
04/01/2020;21:45:27
04/01/2020;21:45:30
04/01/2020;21:48:10
04/01/2020;21:48:13
04/01/2020;21:48:16
04/01/2020;21:48:19
04/01/2020;21:48:24
04/01/2020;21:48:26
04/01/2020;21:48:32
04/01/2020;21:48:34
04/01/2020;21:48:35
04/01/2020;21:48:35
04/01/2020;21:48:38
04/01/2020;21:48:42
04/01/2020;21:48:45
04/01/2020;21:48:46
04/01/2020;21:48:48
04/01/2020;21:48:49
04/01/2020;21:48:49
04/01/2020;21:48:51
04/01/2020;21:48:51
04/01/2020;21:48:53
04/01/2020;21:48:55
04/01/2020;21:48:55
04/01/2020;21:48:57
04/01/2020;21:48:58
04/01/2020;21:48:59
04/01/2020;21:49:00
04/01/2020;21:49:02
04/01/2020;21:49:03
04/01/2020;21:49:06
04/01/2020;21:49:06
04/01/2020;21:51:41
04/01/2020;21:51:44
04/01/2020;21:51:47
04/01/2020;21:51:47
04/01/2020;21:51:50
04/01/2020;21:51:50
04/01/2020;21:51:54
04/01/2020;21:51:54
04/01/2020;22:01:56
04/01/2020;22:02:00
04/01/2020;22:02:03
04/01/2020;22:02:07
04/01/2020;22:02:07
04/01/2020;22:02:10
04/01/2020;22:02:11
04/01/2020;22:02:14
04/01/2020;22:02:15
04/01/2020;22:02:16
04/01/2020;22:02:18
04/01/2020;22:02:20
04/01/2020;22:02:22
04/01/2020;22:02:22
04/01/2020;22:05:08
04/01/2020;22:05:11
04/01/2020;22:05:14
04/01/2020;22:05:16
04/01/2020;22:05:17
04/01/2020;22:05:19
04/01/2020;22:05:21
04/01/2020;22:05:23
04/01/2020;22:06:31
04/01/2020;22:06:34
04/01/2020;22:06:37
04/01/2020;22:06:37
04/01/2020;22:06:41
04/01/2020;22:06:41
04/01/2020;22:10:53
04/01/2020;22:10:57
04/01/2020;22:11:00
04/01/2020;22:11:03
04/01/2020;22:11:06
04/01/2020;22:11:08
04/01/2020;22:11:51
04/01/2020;22:11:54
04/01/2020;22:11:57
04/01/2020;22:12:00
04/01/2020;22:12:03
04/01/2020;22:12:06
04/01/2020;22:17:56
04/01/2020;22:17:59
04/01/2020;22:18:02
04/01/2020;22:18:05
04/01/2020;22:20:53
04/01/2020;22:20:57
04/01/2020;22:20:59
04/01/2020;22:21:18
04/01/2020;22:21:22
04/01/2020;22:25:57
04/01/2020;22:26:00
04/01/2020;22:26:03
04/01/2020;22:28:25
04/01/2020;22:28:28
04/01/2020;22:29:44
04/01/2020;22:29:47
04/01/2020;22:29:50
04/01/2020;22:32:40
04/01/2020;22:32:43
04/01/2020;22:33:27
04/01/2020;22:33:30
04/01/2020;22:34:20
04/01/2020;22:34:23
04/01/2020;22:34:26
04/01/2020;22:34:29
04/01/2020;22:34:33
04/01/2020;22:34:36
04/01/2020;22:34:46
04/01/2020;22:34:50
04/01/2020;22:35:59
04/01/2020;22:36:02
04/01/2020;22:36:06
04/01/2020;22:36:09
04/01/2020;22:36:12
04/01/2020;22:36:54
04/01/2020;22:36:57
04/01/2020;22:36:58
04/01/2020;22:37:00
04/01/2020;22:37:08
04/01/2020;22:37:11
04/01/2020;22:37:22
04/01/2020;22:37:26
04/01/2020;22:37:26
04/01/2020;22:37:28
04/01/2020;22:37:29
04/01/2020;22:37:29
04/01/2020;22:37:29
04/01/2020;22:37:32
04/01/2020;22:55:18
04/01/2020;22:55:20
04/01/2020;22:55:21
04/01/2020;22:55:22
04/01/2020;22:55:23
04/01/2020;22:55:24
04/01/2020;22:55:26
04/01/2020;22:55:27
04/01/2020;22:55:28
04/01/2020;22:55:28
04/01/2020;22:55:29
04/01/2020;22:55:30
04/01/2020;22:55:32
04/01/2020;22:55:32
04/01/2020;22:55:33
04/01/2020;22:55:34
04/01/2020;22:55:36
04/01/2020;22:55:36
04/01/2020;22:55:37
04/01/2020;22:55:38
04/01/2020;22:55:41
04/01/2020;22:55:41
04/01/2020;22:55:44
04/01/2020;22:55:44
04/01/2020;22:55:45
04/01/2020;22:55:45
04/01/2020;22:55:52
04/01/2020;22:56:01
04/01/2020;22:57:07
04/01/2020;22:57:10
04/01/2020;22:57:10
04/01/2020;22:57:13
04/01/2020;22:57:13
04/01/2020;22:57:13
04/01/2020;22:57:15
04/01/2020;22:57:16
04/01/2020;22:57:16
04/01/2020;22:57:17
04/01/2020;22:57:19
04/01/2020;22:57:20
04/01/2020;22:57:20
04/01/2020;22:57:21
04/01/2020;22:57:22
04/01/2020;22:57:24
04/01/2020;22:57:24
04/01/2020;22:57:25
04/01/2020;22:57:26
04/01/2020;22:57:28
04/01/2020;22:57:29
04/01/2020;22:57:30
04/01/2020;22:57:32
04/01/2020;23:00:19
04/01/2020;23:00:21
04/01/2020;23:00:24
04/01/2020;23:00:24
04/01/2020;23:00:27
04/01/2020;23:00:27
04/01/2020;23:00:30
04/01/2020;23:00:30
04/01/2020;23:00:30
04/01/2020;23:00:32
04/01/2020;23:00:33
04/01/2020;23:00:34
04/01/2020;23:00:34
04/01/2020;23:00:36
04/01/2020;23:00:37
04/01/2020;23:00:37
04/01/2020;23:00:39
04/01/2020;23:00:40
04/01/2020;23:00:41
04/01/2020;23:00:42
04/01/2020;23:00:42
04/01/2020;23:00:42
04/01/2020;23:02:00
04/01/2020;23:02:03
04/01/2020;23:02:06
04/01/2020;23:02:09
04/01/2020;23:02:11
04/01/2020;23:02:54
04/01/2020;23:02:57
04/01/2020;23:03:05
04/01/2020;23:03:08
04/01/2020;23:03:44
04/01/2020;23:03:50
04/01/2020;23:03:52
04/01/2020;23:03:58
04/01/2020;23:04:01
04/01/2020;23:04:57
04/01/2020;23:05:00
04/01/2020;23:05:03
04/01/2020;23:05:06
04/01/2020;23:05:09
04/01/2020;23:06:00
04/01/2020;23:06:03
04/01/2020;23:06:12
04/01/2020;23:06:15
04/01/2020;23:06:17
04/01/2020;23:06:18
04/01/2020;23:06:20
04/01/2020;23:06:20
04/01/2020;23:06:21
04/01/2020;23:06:22
04/01/2020;23:06:23
04/01/2020;23:06:24
04/01/2020;23:06:25
04/01/2020;23:06:27
04/01/2020;23:06:28
04/01/2020;23:06:28
04/01/2020;23:06:30
04/01/2020;23:06:35
04/01/2020;23:06:37
04/01/2020;23:06:40
04/01/2020;23:06:43
04/01/2020;23:06:46
04/01/2020;23:06:48
04/01/2020;23:07:42
04/01/2020;23:07:45
04/01/2020;23:07:47
04/01/2020;23:07:50
04/01/2020;23:07:53
04/01/2020;23:07:56
04/01/2020;23:09:35
04/01/2020;23:09:38
04/01/2020;23:09:41
04/01/2020;23:09:44
04/01/2020;23:09:46
04/01/2020;23:09:49
04/01/2020;23:10:01
04/01/2020;23:10:04
04/01/2020;23:10:07
04/01/2020;23:10:09
04/01/2020;23:10:12
04/01/2020;23:10:15
04/01/2020;23:11:30
04/01/2020;23:11:33
04/01/2020;23:11:35
04/01/2020;23:11:38
04/01/2020;23:11:41
04/01/2020;23:11:44
04/01/2020;23:14:02
04/01/2020;23:14:05
04/01/2020;23:14:08
04/01/2020;23:14:11
04/01/2020;23:14:13
04/01/2020;23:14:16
04/01/2020;23:14:28
04/01/2020;23:14:31
04/01/2020;23:14:34
04/01/2020;23:14:36
04/01/2020;23:14:46
04/01/2020;23:14:49
04/01/2020;23:14:52
04/01/2020;23:14:55
04/01/2020;23:14:57
04/01/2020;23:15:00
04/01/2020;23:16:18
04/01/2020;23:16:21
04/01/2020;23:16:24
04/01/2020;23:16:27
04/01/2020;23:16:30
04/01/2020;23:16:32
04/01/2020;23:20:32
04/01/2020;23:20:34
04/01/2020;23:20:37
04/01/2020;23:20:40
04/01/2020;23:21:53
04/01/2020;23:21:56
04/01/2020;23:21:58
04/01/2020;23:22:01
04/01/2020;23:22:03
04/01/2020;23:22:06
04/01/2020;23:22:21
04/01/2020;23:22:23
04/01/2020;23:22:26
04/01/2020;23:22:29
04/01/2020;23:22:31
04/01/2020;23:22:34
04/02/2020;10:42:04
04/02/2020;10:42:07
04/02/2020;10:42:09
04/02/2020;10:42:12
04/02/2020;10:42:15
04/02/2020;10:42:15
04/02/2020;10:42:18
04/02/2020;10:42:21
04/02/2020;10:42:23
04/02/2020;10:42:26
04/02/2020;10:42:28
04/02/2020;10:44:27
04/02/2020;10:44:29
04/02/2020;10:44:32
04/02/2020;10:44:34
04/02/2020;10:44:37
04/02/2020;10:45:21
04/02/2020;10:45:24
04/02/2020;10:45:26
04/02/2020;10:45:29
04/02/2020;10:45:31
04/02/2020;10:45:34
04/02/2020;12:21:06
04/02/2020;12:21:09
04/02/2020;12:21:11
04/02/2020;12:21:14
04/02/2020;12:21:17
04/02/2020;12:21:20
04/02/2020;12:41:07
04/02/2020;12:41:10
04/02/2020;12:41:12
04/02/2020;12:41:15
04/02/2020;12:41:18
04/02/2020;12:41:20
04/02/2020;12:42:18
04/02/2020;12:42:21
04/02/2020;12:45:35
04/02/2020;12:45:38
04/02/2020;12:45:40
04/02/2020;12:45:43
04/02/2020;12:47:19
04/02/2020;12:47:21
04/02/2020;12:48:36
04/02/2020;12:48:38
04/02/2020;12:49:34
04/02/2020;12:49:36
04/02/2020;12:50:44
04/02/2020;12:50:47
04/02/2020;12:50:49
04/02/2020;12:52:09
04/02/2020;12:52:12
04/02/2020;12:52:14
04/02/2020;12:54:50
04/02/2020;12:55:12
04/02/2020;12:55:14
04/02/2020;12:55:16
04/02/2020;12:55:19
04/02/2020;12:55:22
04/02/2020;12:57:46
04/02/2020;12:57:48
04/02/2020;12:57:51
04/02/2020;12:57:53
04/02/2020;13:00:36
04/02/2020;13:00:39
04/02/2020;13:00:41
04/02/2020;13:08:14
04/02/2020;13:08:16
04/02/2020;13:08:19
04/02/2020;13:16:15
04/02/2020;13:16:18
04/02/2020;13:16:21
04/02/2020;13:16:23
04/02/2020;13:16:26
04/02/2020;13:16:29
04/02/2020;13:17:12
04/02/2020;13:17:15
04/02/2020;13:17:18
04/02/2020;13:17:24
04/02/2020;13:17:27
04/02/2020;13:17:30
04/02/2020;13:17:35
04/02/2020;13:17:39
04/02/2020;13:17:43
04/02/2020;13:17:46
04/02/2020;13:17:49
04/02/2020;13:17:52
04/02/2020;13:17:55
04/02/2020;13:22:24
04/02/2020;13:22:27
04/02/2020;13:22:30
04/02/2020;13:22:33
04/02/2020;13:22:36
04/02/2020;13:22:39
04/02/2020;13:24:14
04/02/2020;13:31:41
04/02/2020;13:31:43
04/02/2020;13:31:46
04/02/2020;13:31:49
04/02/2020;13:31:51
04/02/2020;13:31:54
04/02/2020;13:33:43
04/02/2020;13:33:46
04/02/2020;13:33:49
04/02/2020;13:33:52
04/02/2020;13:33:55
04/02/2020;13:33:59
04/02/2020;13:34:00
04/02/2020;13:39:37
04/02/2020;13:39:40
04/02/2020;13:39:43
04/02/2020;13:39:45
04/02/2020;13:39:48
04/02/2020;13:39:51
04/02/2020;13:44:03
04/02/2020;13:44:05
04/02/2020;13:49:57
04/02/2020;13:49:59
04/02/2020;13:51:06
04/02/2020;13:51:09
04/02/2020;13:51:12
04/02/2020;13:51:15
04/02/2020;13:51:18
04/02/2020;13:51:21
04/02/2020;13:55:56
04/02/2020;13:55:59
04/02/2020;13:56:01
04/02/2020;13:56:04
04/02/2020;13:56:07
04/02/2020;13:56:11
04/02/2020;13:57:07
04/02/2020;13:57:11
04/02/2020;13:57:13
04/02/2020;13:57:16
04/02/2020;13:57:19
04/02/2020;13:57:22
04/02/2020;13:57:25
04/02/2020;13:57:28
04/02/2020;13:57:30
04/02/2020;13:57:33
