03/29/2020;19:03:30
03/29/2020;19:03:34
03/29/2020;19:03:37
03/29/2020;19:03:41
03/29/2020;19:03:45
03/29/2020;19:03:48
03/29/2020;19:05:42
03/29/2020;19:05:45
03/29/2020;19:05:49
03/29/2020;19:05:52
03/29/2020;19:05:56
03/29/2020;19:05:59
03/29/2020;19:07:51
03/29/2020;19:07:55
03/29/2020;19:07:58
03/29/2020;19:08:02
03/29/2020;19:08:05
03/29/2020;19:08:09
03/29/2020;19:08:25
03/29/2020;19:08:29
03/29/2020;19:08:32
03/29/2020;19:08:36
03/29/2020;19:08:39
03/29/2020;19:08:42
03/29/2020;19:09:07
03/29/2020;19:09:10
03/29/2020;19:09:14
03/29/2020;19:09:17
03/29/2020;19:09:20
03/29/2020;19:09:24
03/29/2020;19:17:40
03/29/2020;19:17:43
03/29/2020;19:17:47
03/29/2020;19:17:50
03/29/2020;19:17:54
03/29/2020;19:17:57
03/29/2020;19:33:25
03/29/2020;19:33:28
03/29/2020;19:33:32
03/29/2020;19:33:35
03/29/2020;19:33:39
03/29/2020;19:33:42
03/29/2020;19:34:28
03/29/2020;19:34:31
03/29/2020;19:34:35
03/29/2020;19:34:38
03/29/2020;19:34:42
03/29/2020;19:34:45
03/29/2020;19:35:18
03/29/2020;19:35:22
03/29/2020;19:35:25
03/29/2020;19:35:29
03/29/2020;19:35:32
03/29/2020;19:35:36
03/29/2020;19:45:10
03/29/2020;19:45:14
03/29/2020;19:45:17
03/29/2020;19:45:21
03/29/2020;19:45:24
03/29/2020;19:45:28
03/29/2020;19:58:30
03/29/2020;19:58:34
03/29/2020;19:58:38
03/29/2020;19:58:42
03/29/2020;19:58:45
03/29/2020;19:58:49
03/29/2020;20:00:30
03/29/2020;20:00:34
03/29/2020;20:00:37
03/29/2020;20:00:41
03/29/2020;20:00:44
03/29/2020;20:00:48
03/30/2020;00:13:56
03/31/2020;18:16:22
03/31/2020;18:17:40
03/31/2020;18:18:35
03/31/2020;18:24:47
03/31/2020;18:25:31
03/31/2020;18:25:50
03/31/2020;18:25:53
03/31/2020;18:25:57
03/31/2020;18:26:00
03/31/2020;18:26:04
03/31/2020;18:26:07
03/31/2020;18:27:05
03/31/2020;18:27:08
03/31/2020;18:27:10
03/31/2020;18:27:13
03/31/2020;18:27:15
03/31/2020;18:27:18
03/31/2020;18:30:35
03/31/2020;18:30:38
03/31/2020;18:30:40
03/31/2020;18:30:43
03/31/2020;18:30:45
03/31/2020;18:30:48
03/31/2020;18:50:41
03/31/2020;18:50:43
03/31/2020;18:50:46
03/31/2020;18:50:49
03/31/2020;18:50:52
03/31/2020;18:50:54
03/31/2020;18:51:55
03/31/2020;18:51:58
03/31/2020;18:52:00
03/31/2020;18:52:03
03/31/2020;18:52:06
03/31/2020;18:52:08
03/31/2020;18:53:01
03/31/2020;18:53:04
03/31/2020;18:53:07
03/31/2020;18:53:09
03/31/2020;18:53:12
03/31/2020;18:53:14
03/31/2020;18:55:58
03/31/2020;18:57:08
03/31/2020;18:57:11
03/31/2020;18:57:13
03/31/2020;18:57:16
03/31/2020;18:57:18
03/31/2020;18:57:21
03/31/2020;18:59:19
03/31/2020;18:59:21
03/31/2020;18:59:24
03/31/2020;18:59:27
03/31/2020;18:59:30
03/31/2020;18:59:32
03/31/2020;19:02:29
03/31/2020;19:02:32
03/31/2020;19:02:34
03/31/2020;19:02:37
03/31/2020;19:02:40
03/31/2020;19:02:42
03/31/2020;19:03:36
03/31/2020;19:03:38
03/31/2020;19:03:41
03/31/2020;19:03:44
03/31/2020;19:03:46
03/31/2020;19:03:49
03/31/2020;19:21:19
04/01/2020;15:14:56
04/01/2020;15:15:19
04/01/2020;15:16:15
04/01/2020;15:26:58
04/01/2020;15:30:24
04/01/2020;15:30:27
04/01/2020;15:30:30
04/01/2020;15:30:33
04/01/2020;15:30:36
04/01/2020;15:30:38
04/01/2020;15:31:34
04/01/2020;15:31:37
04/01/2020;15:31:40
04/01/2020;15:31:42
04/01/2020;15:31:45
04/01/2020;15:31:48
04/01/2020;15:35:38
04/01/2020;15:35:41
04/01/2020;15:35:44
04/01/2020;15:35:47
04/01/2020;15:35:50
04/01/2020;15:35:53
04/01/2020;15:36:06
04/01/2020;15:37:04
04/01/2020;15:37:21
04/01/2020;15:38:25
04/01/2020;15:38:28
04/01/2020;17:08:33
04/01/2020;17:08:37
04/01/2020;17:08:40
04/01/2020;17:08:44
04/01/2020;17:08:48
04/01/2020;17:08:52
04/01/2020;17:09:16
04/01/2020;17:09:20
04/01/2020;17:09:24
04/01/2020;17:09:28
04/01/2020;17:09:33
04/01/2020;17:09:37
04/01/2020;17:10:09
04/01/2020;17:10:13
04/01/2020;17:10:16
04/01/2020;17:10:20
04/01/2020;17:10:24
04/01/2020;17:10:27
04/01/2020;17:11:33
04/01/2020;17:11:37
04/01/2020;17:11:37
04/01/2020;17:11:37
04/01/2020;17:11:45
04/01/2020;17:11:45
04/01/2020;17:11:49
04/01/2020;17:11:49
04/01/2020;17:11:54
04/01/2020;17:11:54
04/01/2020;17:11:59
04/01/2020;17:11:59
04/01/2020;17:12:04
04/01/2020;17:12:04
04/01/2020;17:12:09
04/01/2020;17:12:09
04/01/2020;17:12:53
04/01/2020;17:12:57
04/01/2020;17:13:01
04/01/2020;17:13:05
04/01/2020;17:13:08
04/01/2020;17:13:12
04/01/2020;17:13:22
04/01/2020;17:13:26
04/01/2020;17:13:29
04/01/2020;17:13:33
04/01/2020;17:14:11
04/01/2020;17:14:16
04/01/2020;17:14:19
04/01/2020;17:14:23
04/01/2020;17:14:26
04/01/2020;17:14:31
04/01/2020;17:14:59
04/01/2020;17:37:23
04/01/2020;17:37:27
04/01/2020;17:37:31
04/01/2020;17:37:34
04/01/2020;17:37:39
04/01/2020;17:37:43
04/01/2020;17:39:27
04/01/2020;17:39:31
04/01/2020;17:39:36
04/01/2020;17:39:39
04/01/2020;17:39:43
04/01/2020;17:39:47
04/01/2020;17:40:30
04/01/2020;17:40:46
04/01/2020;17:40:46
04/01/2020;17:40:55
04/01/2020;17:40:55
04/01/2020;17:40:55
04/01/2020;17:41:02
04/01/2020;17:41:03
04/01/2020;17:41:03
04/01/2020;17:41:09
04/01/2020;17:41:09
04/01/2020;17:41:10
04/01/2020;17:41:16
04/01/2020;17:41:16
04/01/2020;17:41:16
04/01/2020;17:41:22
04/01/2020;17:41:22
04/01/2020;17:41:23
04/01/2020;17:41:29
04/01/2020;17:41:30
04/01/2020;17:41:30
04/01/2020;17:43:22
04/01/2020;17:43:27
04/01/2020;17:43:31
04/01/2020;17:43:35
04/01/2020;17:43:39
04/01/2020;17:43:43
04/01/2020;17:46:29
04/01/2020;17:46:33
04/01/2020;17:46:37
04/01/2020;17:46:42
04/01/2020;17:46:46
04/01/2020;17:46:51
04/01/2020;17:56:34
04/01/2020;17:56:38
04/01/2020;17:56:51
04/01/2020;17:56:51
04/01/2020;17:57:36
04/01/2020;17:58:08
04/01/2020;17:58:12
04/01/2020;17:58:15
04/01/2020;17:58:19
04/01/2020;17:58:22
04/01/2020;17:58:26
04/01/2020;17:58:40
04/01/2020;17:59:54
04/01/2020;17:59:58
04/01/2020;18:00:01
04/01/2020;18:00:05
04/01/2020;18:00:08
04/01/2020;18:00:12
04/01/2020;18:05:09
04/01/2020;18:09:20
04/01/2020;18:09:24
04/01/2020;18:10:01
04/01/2020;18:10:05
04/01/2020;18:10:09
04/01/2020;18:10:12
04/01/2020;18:10:16
04/01/2020;18:10:19
04/01/2020;18:11:45
04/01/2020;18:13:06
04/01/2020;18:13:10
04/01/2020;18:13:13
04/01/2020;18:34:19
04/01/2020;18:34:22
04/01/2020;18:35:20
04/01/2020;18:35:59
04/01/2020;18:36:03
04/01/2020;18:36:34
04/01/2020;18:36:38
04/01/2020;18:36:42
04/01/2020;18:36:45
04/01/2020;18:36:49
04/01/2020;18:36:52
04/01/2020;18:37:05
04/01/2020;18:37:08
04/01/2020;18:37:12
04/01/2020;18:37:15
04/01/2020;18:37:29
04/01/2020;18:39:24
04/01/2020;18:43:43
04/01/2020;18:43:47
04/01/2020;18:43:52
04/01/2020;18:44:57
04/01/2020;18:45:02
04/01/2020;18:45:36
04/01/2020;18:45:40
04/01/2020;18:45:42
04/01/2020;18:45:46
04/01/2020;18:46:41
04/01/2020;18:46:45
04/01/2020;18:48:23
04/01/2020;18:48:26
04/01/2020;18:49:47
04/01/2020;18:49:51
04/01/2020;18:50:35
04/01/2020;18:50:38
04/01/2020;18:50:41
04/01/2020;18:50:44
04/01/2020;18:50:48
04/01/2020;18:50:51
04/01/2020;18:50:55
04/01/2020;18:50:58
04/01/2020;19:06:33
04/02/2020;14:02:09
04/02/2020;14:02:14
04/02/2020;14:02:19
04/02/2020;14:02:23
04/02/2020;14:02:24
04/02/2020;14:02:28
04/02/2020;14:02:33
04/02/2020;14:02:37
04/02/2020;14:02:42
04/02/2020;14:03:38
04/02/2020;14:03:41
04/02/2020;14:03:43
04/02/2020;14:03:47
04/02/2020;14:03:50
04/02/2020;14:03:53
04/02/2020;14:03:55
04/02/2020;14:10:35
04/02/2020;14:10:38
04/02/2020;14:10:41
04/02/2020;14:10:44
04/02/2020;14:10:47
04/02/2020;14:10:49
04/02/2020;14:23:54
04/02/2020;14:23:57
04/02/2020;14:25:59
04/02/2020;14:26:01
04/02/2020;14:26:04
04/02/2020;14:26:07
04/02/2020;14:26:09
04/02/2020;14:29:26
04/02/2020;14:29:29
04/02/2020;14:29:31
04/02/2020;14:29:33
04/02/2020;14:30:33
04/02/2020;14:30:36
04/02/2020;14:30:38
04/02/2020;14:30:39
04/02/2020;14:31:23
04/02/2020;14:31:26
04/02/2020;14:31:29
04/02/2020;14:31:32
04/02/2020;14:31:34
04/02/2020;14:31:37
04/02/2020;14:31:48
04/02/2020;14:31:51
04/02/2020;14:31:53
04/02/2020;14:31:56
04/02/2020;14:31:59
04/02/2020;14:32:02
